first,last
John,Boozman
Richard,Burr
John,Isakson
Mark,Kirk
Jerry,Moran
Robert,Portman
Patrick,Toomey
David,Vitter
Barbara,Boxer
Michael,Crapo
Charles,Grassley
Patrick,Leahy
John,McCain
Barbara,Mikulski
Lisa,Murkowski
Patty,Murray
Harry,Reid
Charles,Schumer
Richard,Shelby
Ron,Wyden
John,Thune
Lamar,Alexander
Daniel,Coats
Michael,Bennet
Richard,Blumenthal
Marco,Rubio
Rand,Paul
Kelly,Ayotte
John,Hoeven
Mike,Lee
Ron,Johnson
Roger,Wicker
Timothy,Kaine
Ted,Cruz
Deb,Fischer
Heidi,Heitkamp
Angus,King
Elizabeth,Warren
Joe,Manchin
Pedro,Pierluisi
Martin,Heinrich
John,Barrasso
Bob,Corker
Sheldon,Whitehouse
Robert,Casey
Jon,Tester
Claire,McCaskill
Amy,Klobuchar
Kirsten,Gillibrand
Dean,Heller
Joe,Donnelly
Mazie,Hirono
Christopher,Murphy
Debbie,Stabenow
Bill,Nelson
Orrin,Hatch
Dianne,Feinstein
Thomas,Carper
Maria,Cantwell
Bernard,Sanders
Robert,MenÃ©ndez
Jeff,Flake
Benjamin,Cardin
Sherrod,Brown
Tammy,Baldwin
Barack,Obama
Joseph,Biden
Thad,Cochran
Susan,Collins
John,Cornyn
Richard,Durbin
Michael,Enzi
Lindsey,Graham
James,Inhofe
Mitch,McConnell
John,Reed
Pat,Roberts
Jefferson,Sessions
Robert,Aderholt
Joe,Barton
Xavier,Becerra
Rob,Bishop
Sanford,Bishop
Marsha,Blackburn
Earl,Blumenauer
John,Boehner
Madeleine,Bordallo
Kevin,Brady
Robert,Brady
Corrine,Brown
Michael,Burgess
Ken,Calvert
Shelley,Capito
Lois,Capps
Michael,Capuano
John,Carter
Steve,Chabot
Wm.,Clay
James,Clyburn
Mark,Walker
Tom,Cole
John,Conyers
Jim,Cooper
Ander,Crenshaw
Joseph,Crowley
John,Culberson
Elijah,Cummings
Danny,Davis
Susan,Davis
Peter,DeFazio
Diana,DeGette
Rosa,DeLauro
Mario,Diaz-Balart
Lloyd,Doggett
Michael,Doyle
John,Duncan
Eliot,Engel
Anna,Eshoo
Sam,Farr
Chaka,Fattah
J.,Forbes
Trent,Franks
Rodney,Frelinghuysen
Scott,Garrett
Bob,Goodlatte
Kay,Granger
Sam,Graves
Gene,Green
RaÃºl,Grijalva
Luis,GutiÃ©rrez
Alcee,Hastings
Jeb,Hensarling
RubÃ©n,Hinojosa
Michael,Honda
Steny,Hoyer
Steve,Israel
Darrell,Issa
Sheila,Jackson Lee
Eddie,Johnson
Sam,Johnson
Walter,Jones
Marcy,Kaptur
Ron,Kind
Peter,King
Steve,King
John,Kline
James,Langevin
Rick,Larsen
John,Larson
Barbara,Lee
Sander,Levin
John,Lewis
Frank,LoBiondo
Zoe,Lofgren
Nita,Lowey
Frank,Lucas
Stephen,Lynch
Carolyn,Maloney
Edward,Markey
Betty,McCollum
Jim,McDermott
James,McGovern
Gregory,Meeks
John,Mica
Candice,Miller
Jeff,Miller
Tim,Murphy
Jerrold,Nadler
Grace,Napolitano
Richard,Neal
Eleanor,Norton
Devin,Nunes
Frank,Pallone
Bill,Pascrell
Stevan,Pearce
Nancy,Pelosi
Collin,Peterson
Joseph,Pitts
David,Price
Charles,Rangel
Harold,Rogers
Mike,Rogers
Dana,Rohrabacher
Ileana,Ros-Lehtinen
Lucille,Roybal-Allard
Edward,Royce
C.,Ruppersberger
Bobby,Rush
Paul,Ryan
Tim,Ryan
Linda,SÃ¡nchez
Loretta,Sanchez
Janice,Schakowsky
Adam,Schiff
David,Scott
Robert,Scott
F.,Sensenbrenner
JosÃ©,Serrano
Pete,Sessions
Brad,Sherman
John,Shimkus
Michael,Simpson
Louise,Slaughter
Adam,Smith
Christopher,Smith
Lamar,Smith
Bennie,Thompson
Mike,Thompson
Mac,Thornberry
Patrick,Tiberi
Michael,Turner
Tom,Udall
Fred,Upton
Chris,Van Hollen
Nydia,VelÃ¡zquez
Peter,Visclosky
Greg,Walden
Maxine,Waters
Ed,Whitfield
Joe,Wilson
Don,Young
Randy,Neugebauer
Matt,Salmon
Marshall,Sanford
George,Butterfield
Jim,Costa
Debbie,Wasserman Schultz
Tom,Price
Lynn,Westmoreland
Daniel,Lipinski
Charles,Boustany
Emanuel,Cleaver
Jeff,Fortenberry
Brian,Higgins
Virginia,Foxx
Patrick,McHenry
Michael,Fitzpatrick
Charles,Dent
Louie,Gohmert
Ted,Poe
Al,Green
Michael,McCaul
K.,Conaway
Kenny,Marchant
Henry,Cuellar
Cathy,McMorris Rodgers
David,Reichert
Gwen,Moore
Doris,Matsui
Richard,Nolan
Bill,Shuster
Albio,Sires
Jerry,McNerney
Kevin,McCarthy
Doug,Lamborn
Ed,Perlmutter
Joe,Courtney
Kathy,Castor
Vern,Buchanan
Henry,Johnson
Peter,Roskam
David,Loebsack
John,Yarmuth
John,Sarbanes
Tim,Walberg
Timothy,Walz
Keith,Ellison
Adrian,Smith
Yvette,Clarke
Jim,Jordan
Steve,Cohen
Peter,Welch
Gus,Bilirakis
Niki,Tsongas
Robert,Wittman
Robert,Latta
Bill,Foster
AndrÃ©,Carson
Jackie,Speier
Steve,Scalise
Donna,Edwards
Bill,Cassidy
Jason,Chaffetz
Mike,Coffman
Gerald,Connolly
John,Fleming
Alan,Grayson
Brett,Guthrie
Gregg,Harper
James,Himes
Duncan,Hunter
Lynn,Jenkins
Ann,Kirkpatrick
Leonard,Lance
Blaine,Luetkemeyer
Ben,Lujã¡n
Cynthia,Lummis
Tom,McClintock
Pete,Olson
Erik,Paulsen
Gary,Peters
Benjamin,Sasse
Chellie,Pingree
Jared,Polis
Bill,Posey
David,Roe
Thomas,Rooney
Gregorio,Sablan
Kurt,Schrader
Glenn,Thompson
Dina,Titus
Paul,Tonko
Mark,Warner
James,Risch
Jeanne,Shaheen
Jeff,Merkley
Marcia,Fudge
Mike,Quigley
Alan,Franken
Judy,Chu
John,Garamendi
Theodore,Deutch
Tom,Graves
Chris,Coons
Marlin,Stutzman
Tom,Reed
Martha,Roby
Mo,Brooks
Terri,Sewell
Paul,Gosar
David,Schweikert
Eric,Crawford
Steve,Womack
Jeff,Denham
Karen,Bass
Scott,Tipton
Cory,Gardner
John,Carney
Richard,Nugent
Daniel,Webster
Dennis,Ross
Frederica,Wilson
Rob,Woodall
Austin,Scott
RaÃºl,Labrador
Bob,Dold
Adam,Kinzinger
Randy,Hultgren
Todd,Rokita
Larry,Bucshon
Todd,Young
Tim,Huelskamp
Kevin,Yoder
Mike,Pompeo
Cedric,Richmond
Andy,Harris
William,Keating
Dan,Benishek
Bill,Huizenga
Justin,Amash
Steven,Palazzo
Vicky,Hartzler
Billy,Long
Joseph,Heck
Frank,Guinta
Christopher,Gibson
Richard,Hanna
Renee,Ellmers
Bill,Johnson
Steve,Stivers
James,Renacci
Bob,Gibbs
James,Lankford
Mike,Kelly
Patrick,Meehan
Tom,Marino
Lou,Barletta
David,Cicilline
Tim,Scott
Jeff,Duncan
Trey,Gowdy
Mick,Mulvaney
Kristi,Noem
Charles,Fleischmann
Scott,DesJarlais
Diane,Black
Stephen,Fincher
Bill,Flores
Blake,Farenthold
Edward,Rigell
Robert,Hurt
H.,Griffith
Jaime,Herrera Beutler
David,McKinley
Sean,Duffy
Reid,Ribble
Janice,Hahn
Mark,Amodei
Suzanne,Bonamici
Thomas,Massie
Suzan,DelBene
Donald,Payne
Brian,Schatz
Tom,Cotton
Kyrsten,Sinema
Doug,LaMalfa
Jared,Huffman
Ami,Bera
Paul,Cook
Eric,Swalwell
David,Valadao
Julia,Brownley
Tony,CÃ¡rdenas
Raul,Ruiz
Mark,Takano
Alan,Lowenthal
Juan,Vargas
Scott,Peters
Elizabeth,Esty
Ted,Yoho
Ron,DeSantis
Patrick,Murphy
Lois,Frankel
Doug,Collins
Tulsi,Gabbard
Tammy,Duckworth
Rodney,Davis
Cheri,Bustos
Jackie,Walorski
Susan,Brooks
Luke,Messer
Garland,Barr
Joseph,Kennedy
John,Delaney
Daniel,Kildee
Ann,Wagner
Steve,Daines
Richard,Hudson
Robert,Pittenger
Mark,Meadows
George,Holding
Kevin,Cramer
Ann,Kuster
Michelle,Lujan Grisham
Grace,Meng
Hakeem,Jeffries
Sean,Maloney
Chris,Collins
Brad,Wenstrup
Joyce,Beatty
David,Joyce
Jim,Bridenstine
Markwayne,Mullin
Scott,Perry
Keith,Rothfus
Matthew,Cartwright
Tom,Rice
Randy,Weber
Beto,O'Rourke
Joaquin,Castro
Roger,Williams
Marc,Veasey
Filemon,Vela
Chris,Stewart
Derek,Kilmer
Denny,Heck
Mark,Pocan
Robin,Kelly
Jason,Smith
Cory,Booker
Katherine,Clark
Bradley,Byrne
David,Jolly
Curtis,Clawson
David,Brat
Donald,Norcross
Alma,Adams
Gary,Palmer
French,Hill
Bruce,Westerman
Martha,McSally
Ruben,Gallego
Mark,DeSaulnier
Steve,Knight
Pete,Aguilar
Ted,Lieu
Norma,Torres
Mimi,Walters
Ken,Buck
Gwen,Graham
Carlos,Curbelo
Buddy,Carter
Jody,Hice
Barry,Loudermilk
Rick,Allen
Mark,Takai
Rod,Blum
David,Young
Mike,Bost
Ralph,Abraham
Garret,Graves
Seth,Moulton
Bruce,Poliquin
John,Moolenaar
Mike,Bishop
Dave,Trott
Debbie,Dingell
Brenda,Lawrence
Tom,Emmer
Ryan,Zinke
David,Rouzer
Brad,Ashford
Tom,MacArthur
Bonnie,Watson Coleman
Cresent,Hardy
Lee,Zeldin
Kathleen,Rice
Elise,Stefanik
John,Katko
Steve,Russell
Ryan,Costello
Brendan,Boyle
John,Ratcliffe
Will,Hurd
Brian,Babin
Mia,Love
Donald,Beyer
Barbara,Comstock
Stacey,Plaskett
Dan,Newhouse
Glenn,Grothman
Alex,Mooney
Evan,Jenkins
Aumua,Amata
Dan,Sullivan
David,Perdue
Joni,Ernst
Thom,Tillis
Mike,Rounds
Daniel,Donovan
Trent,Kelly
